﻿<?xml version="1.0" encoding="utf-8"?><Defs>

          <!-- ===================== Holyshot ========================= -->
<SoundDef>
    <defName>Holyshot</defName>  
    <context>MapOnly</context>
    <eventNames />  
    <maxSimultaneous>1</maxSimultaneous>  
    <subSounds>
      <li>
        <grains>
          <li Class="AudioGrain_Clip">
            <clipPath>holyshot</clipPath>
          </li>
        </grains>      
        <pitchRange>
          <min>0.936413</min>        
          <max>1.042391</max>
        </pitchRange>      
        <paramMappings>
          <li>
            <inParam Class="SoundParamSource_CameraAltitude" />          
            <outParam Class="SoundParamTarget_PropertyLowPass">
              <filterProperty>Cutoff</filterProperty>
            </outParam>          
            <paramUpdateMode>Constant</paramUpdateMode>          
            <curve>
              <points>
                <li>
                  <loc>
                    <x>17.08957</x>                  
                    <y>21001.8</y>
                  </loc>
                </li>              
                <li>
                  <loc>
                    <x>24.77761</x>                  
                    <y>12701.95</y>
                  </loc>
                </li>              
                <li>
                  <loc>
                    <x>32.786</x>                  
                    <y>7168.717</y>
                  </loc>
                </li>              
                <li>
                  <loc>
                    <x>45.91975</x>                  
                    <y>4270.358</y>
                  </loc>
                </li>              
                <li>
                  <loc>
                    <x>66.10088</x>                  
                    <y>2557.69</y>
                  </loc>
                </li>
              </points>
            </curve>
          </li>
        </paramMappings>      
        <filters>
          <li Class="SoundFilterLowPass">
            <cutoffFrequency>10000</cutoffFrequency>          
            <lowpassResonaceQ>1</lowpassResonaceQ>
          </li>
        </filters>      
        <sustainLoop>False</sustainLoop>
      </li>
    </subSounds>
  </SoundDef>


           <!-- ===================== HolyPickup ========================= -->
<SoundDef>
    <defName>HolyPickup</defName>  
    <context>MapOnly</context>
    <eventNames />  
    <maxSimultaneous>1</maxSimultaneous>  
    <subSounds>
      <li>
        <grains>
          <li Class="AudioGrain_Clip">
            <clipPath>HolyPickup</clipPath>
          </li>
        </grains>      
        <pitchRange>
          <min>0.936413</min>        
          <max>1.042391</max>
        </pitchRange>      
        <paramMappings>
          <li>
            <inParam Class="SoundParamSource_CameraAltitude" />          
            <outParam Class="SoundParamTarget_PropertyLowPass">
              <filterProperty>Cutoff</filterProperty>
            </outParam>          
            <paramUpdateMode>Constant</paramUpdateMode>          
            <curve>
              <points>
                <li>
                  <loc>
                    <x>17.08957</x>                  
                    <y>21001.8</y>
                  </loc>
                </li>              
                <li>
                  <loc>
                    <x>24.77761</x>                  
                    <y>12701.95</y>
                  </loc>
                </li>              
                <li>
                  <loc>
                    <x>32.786</x>                  
                    <y>7168.717</y>
                  </loc>
                </li>              
                <li>
                  <loc>
                    <x>45.91975</x>                  
                    <y>4270.358</y>
                  </loc>
                </li>              
                <li>
                  <loc>
                    <x>66.10088</x>                  
                    <y>2557.69</y>
                  </loc>
                </li>
              </points>
            </curve>
          </li>
        </paramMappings>      
        <filters>
          <li Class="SoundFilterLowPass">
            <cutoffFrequency>10000</cutoffFrequency>          
            <lowpassResonaceQ>1</lowpassResonaceQ>
          </li>
        </filters>      
        <sustainLoop>False</sustainLoop>
      </li>
    </subSounds>
  </SoundDef>

  
  
          <!-- ===================== Cross Fire ========================= -->
<SoundDef>
    <defName>Sound_CrossFire</defName>  
    <context>MapOnly</context>
    <eventNames />  
    <maxSimultaneous>1</maxSimultaneous>  
    <subSounds>
      <li>
        <grains>
          <li Class="AudioGrain_Clip">
            <clipPath>CrossFire</clipPath>
          </li>
        </grains>      
        <pitchRange>
          <min>5.936413</min>        
          <max>7.042391</max>
        </pitchRange>      
        <paramMappings>
          <li>
            <inParam Class="SoundParamSource_CameraAltitude" />          
            <outParam Class="SoundParamTarget_PropertyLowPass">
              <filterProperty>Cutoff</filterProperty>
            </outParam>          
            <paramUpdateMode>Constant</paramUpdateMode>          
            <curve>
              <points>
                <li>
                  <loc>
                    <x>17.08957</x>                  
                    <y>21001.8</y>
                  </loc>
                </li>              
                <li>
                  <loc>
                    <x>24.77761</x>                  
                    <y>12701.95</y>
                  </loc>
                </li>              
                <li>
                  <loc>
                    <x>32.786</x>                  
                    <y>7168.717</y>
                  </loc>
                </li>              
                <li>
                  <loc>
                    <x>45.91975</x>                  
                    <y>4270.358</y>
                  </loc>
                </li>              
                <li>
                  <loc>
                    <x>66.10088</x>                  
                    <y>2557.69</y>
                  </loc>
                </li>
              </points>
            </curve>
          </li>
        </paramMappings>      
        <filters>
          <li Class="SoundFilterLowPass">
            <cutoffFrequency>10000</cutoffFrequency>          
            <lowpassResonaceQ>1</lowpassResonaceQ>
          </li>
        </filters>      
        <sustainLoop>False</sustainLoop>
      </li>
    </subSounds>
  </SoundDef>

           <!-- ===================== Cross Pickup ========================= -->
<SoundDef>
    <defName>Sound_CrossPickup</defName>  
    <context>MapOnly</context>
    <eventNames />  
    <maxSimultaneous>1</maxSimultaneous>  
    <subSounds>
      <li>
        <grains>
          <li Class="AudioGrain_Clip">
            <clipPath>CrossPickup</clipPath>
          </li>
        </grains>      
        <pitchRange>
          <min>0.936413</min>        
          <max>1.042391</max>
        </pitchRange>      
        <paramMappings>
          <li>
            <inParam Class="SoundParamSource_CameraAltitude" />          
            <outParam Class="SoundParamTarget_PropertyLowPass">
              <filterProperty>Cutoff</filterProperty>
            </outParam>          
            <paramUpdateMode>Constant</paramUpdateMode>          
            <curve>
              <points>
                <li>
                  <loc>
                    <x>17.08957</x>                  
                    <y>21001.8</y>
                  </loc>
                </li>              
                <li>
                  <loc>
                    <x>24.77761</x>                  
                    <y>12701.95</y>
                  </loc>
                </li>              
                <li>
                  <loc>
                    <x>32.786</x>                  
                    <y>7168.717</y>
                  </loc>
                </li>              
                <li>
                  <loc>
                    <x>45.91975</x>                  
                    <y>4270.358</y>
                  </loc>
                </li>              
                <li>
                  <loc>
                    <x>66.10088</x>                  
                    <y>2557.69</y>
                  </loc>
                </li>
              </points>
            </curve>
          </li>
        </paramMappings>      
        <filters>
          <li Class="SoundFilterLowPass">
            <cutoffFrequency>10000</cutoffFrequency>          
            <lowpassResonaceQ>1</lowpassResonaceQ>
          </li>
        </filters>      
        <sustainLoop>False</sustainLoop>
      </li>
    </subSounds>
  </SoundDef>

</Defs>